P004724,
P006764,
P002934,
P003069,
P003069,
N021098,
N021099,
N021162,
N021188,
N021189,
N021190,
N021195,
N021199,
N021217,
N021229,
N021289,
N020961,
N020967,
N020970,
N020971,
N020972,
N020979,
N020980,
N004429,
N004368,
N004369,
N020982,
N020983,
N020984,
P007161,
P005300,
N020999,
N021001,
N021002,
N021004,
N021007,
N021008,
N021009,
N003632,
N021022,
N021024,
N021039,
N021049,
N021054,
N021055,
N021062,
N021078,
N003764,
N004492,
N004493,
N021128,
N021129,
N021132,
N021140,
N021142,
N021143,
N021144,
N021146,
N021151,
N021152,
N021153,
N021154,
N021156,
N021157,
N021167,
N021168,
N021169,
N021171,
N021176,
N021197,
N021203,
N021204,
N021206,
N021209,
N021210,
N021211,
N021213,
N021216,
N021220,
N021222,
N021223,
N021225,
N021227,
N003887,
N021230,
N021234,
N021236,
N021238,
N021241,
N021242,
N021245,
N021249,
N021250,
N021251,
N021253,
N021254,
N021255,
N021256,
P001337,
N021361,
N021380,
N021381,
N021728,
N021750,
N021751,
N021754,
N021756,
N021758,
N021759,
N004929,
N021811,
N021812,
N021813,
N021814,
N021816,
N021826,
N021827,
N021830,
N005458,
N006376,
N006239,
N006241,
N021839,
N021840,
N021842,
N021843,
N021844,
N021869,
N021875,
N011503,
P010278,N011071
P010278,N011071
P010265,N010985
N005620,
N015456,
N011406,
N011406,
N011406,
N011406,
N011406,
N011406,
N011406,
N015140,
N015140,
N015140,
N015140,
N015140,
N015140,
N015140,
N015141,
N015141,
N015141,
N015141,
N011613,
N011613,
N011613,
N011613,
N011613,
N011613,
N011138,
N011138,
N011138,
N011138,
N011138,
N015169,
N015169,
N015169,
N015169,
N015169,
N015169,
N003966,
N003966,
N003966,
N003966,
N003894,
N003894,
N003894,
N003894,
N003894,
N010633,
N010633,
N010633,
N010633,
N010255,
N010255,
N010255,
