P002934,
N021750,
N011503,
P010278,N011071
P010278,N011071
P010265,N010985
N005620,
N015456,
N011406,
N011406,
N011406,
N011406,
N011406,
N011406,
N011406,
N015140,
N015140,
N015140,
N015140,
N015140,
N015140,
N015140,
N015141,
N015141,
N015141,
N015141,
N011613,
N011613,
N011613,
N011613,
N011613,
N011613,
N011138,
N011138,
N011138,
N011138,
N011138,
N015169,
N015169,
N015169,
N015169,
N015169,
N015169,
N003966,
N003966,
N003966,
N003966,
N003894,
N003894,
N003894,
N003894,
N003894,
N010633,
N010633,
N010633,
N010633,
N010255,
N010255,
N010255,
